--------------------------------------------------------
--  文件已创建 - 星期二-三月-13-2018   
--------------------------------------------------------
--------------------------------------------------------
--  DDL for Table WH_SHIJUAN
--------------------------------------------------------

  CREATE TABLE "HR"."WH_SHIJUAN" 
   (	"ID" NUMBER, 
	"NAME" VARCHAR2(20 BYTE), 
	"UPDATE_DATE" DATE DEFAULT sysdate, 
	"CREATE_DATE" DATE DEFAULT sysdate, 
	"DELETE_FLAG" NUMBER DEFAULT 0
   ) PCTFREE 10 PCTUSED 40 INITRANS 1 MAXTRANS 255 NOCOMPRESS LOGGING
  STORAGE(INITIAL 65536 NEXT 1048576 MINEXTENTS 1 MAXEXTENTS 2147483645
  PCTINCREASE 0 FREELISTS 1 FREELIST GROUPS 1 BUFFER_POOL DEFAULT)
  TABLESPACE "USERS" ;
--------------------------------------------------------
--  DDL for Table WH_TIMU
--------------------------------------------------------

  CREATE TABLE "HR"."WH_TIMU" 
   (	"ID" NUMBER, 
	"NAME" VARCHAR2(20 BYTE), 
	"XUHAO" NUMBER, 
	"CREATE_DATE" DATE DEFAULT sysdate, 
	"UPDATEA_DATE" DATE DEFAULT sysdate, 
	"DELETE_FLAG" NUMBER DEFAULT 0, 
	"SHIJUAN_ID" NUMBER, 
	"XUANXIANG_ID" NUMBER DEFAULT 0
   ) PCTFREE 10 PCTUSED 40 INITRANS 1 MAXTRANS 255 NOCOMPRESS LOGGING
  STORAGE(INITIAL 65536 NEXT 1048576 MINEXTENTS 1 MAXEXTENTS 2147483645
  PCTINCREASE 0 FREELISTS 1 FREELIST GROUPS 1 BUFFER_POOL DEFAULT)
  TABLESPACE "USERS" ;
--------------------------------------------------------
--  DDL for Table WH_USER
--------------------------------------------------------

  CREATE TABLE "HR"."WH_USER" 
   (	"ID" NUMBER, 
	"NAME" VARCHAR2(20 BYTE), 
	"PASS" VARCHAR2(20 BYTE), 
	"CREATE_DATE" DATE DEFAULT sysdate, 
	"UPDATE_DATE" DATE DEFAULT sysdate, 
	"DELETE_FLAG" NUMBER DEFAULT 0
   ) PCTFREE 10 PCTUSED 40 INITRANS 1 MAXTRANS 255 NOCOMPRESS LOGGING
  STORAGE(INITIAL 65536 NEXT 1048576 MINEXTENTS 1 MAXEXTENTS 2147483645
  PCTINCREASE 0 FREELISTS 1 FREELIST GROUPS 1 BUFFER_POOL DEFAULT)
  TABLESPACE "USERS" ;
--------------------------------------------------------
--  DDL for Table WH_XUANXIANG
--------------------------------------------------------

  CREATE TABLE "HR"."WH_XUANXIANG" 
   (	"ID" NUMBER, 
	"TIMU_ID" NUMBER, 
	"NAME" VARCHAR2(20 BYTE), 
	"XUHAO" NUMBER, 
	"FENZHI" NUMBER DEFAULT 10, 
	"CREATE_DATE" DATE DEFAULT sysdate, 
	"UPDATE_DATE" DATE DEFAULT sysdate, 
	"DELETE_FLAG" NUMBER DEFAULT 0
   ) PCTFREE 10 PCTUSED 40 INITRANS 1 MAXTRANS 255 NOCOMPRESS LOGGING
  STORAGE(INITIAL 65536 NEXT 1048576 MINEXTENTS 1 MAXEXTENTS 2147483645
  PCTINCREASE 0 FREELISTS 1 FREELIST GROUPS 1 BUFFER_POOL DEFAULT)
  TABLESPACE "USERS" ;
REM INSERTING into HR.WH_SHIJUAN
SET DEFINE OFF;
Insert into HR.WH_SHIJUAN (ID,NAME,UPDATE_DATE,CREATE_DATE,DELETE_FLAG) values (1,'试卷1',to_date('2018-03-13 15:45:03','YYYY-MM-DD HH24:MI:SS'),to_date('2018-03-13 15:45:03','YYYY-MM-DD HH24:MI:SS'),0);
Insert into HR.WH_SHIJUAN (ID,NAME,UPDATE_DATE,CREATE_DATE,DELETE_FLAG) values (2,'试卷2',to_date('2018-03-13 15:45:13','YYYY-MM-DD HH24:MI:SS'),to_date('2018-03-13 15:45:13','YYYY-MM-DD HH24:MI:SS'),0);
Insert into HR.WH_SHIJUAN (ID,NAME,UPDATE_DATE,CREATE_DATE,DELETE_FLAG) values (3,'试卷3',to_date('2018-03-13 15:45:27','YYYY-MM-DD HH24:MI:SS'),to_date('2018-03-13 15:45:27','YYYY-MM-DD HH24:MI:SS'),0);
REM INSERTING into HR.WH_TIMU
SET DEFINE OFF;
Insert into HR.WH_TIMU (ID,NAME,XUHAO,CREATE_DATE,UPDATEA_DATE,DELETE_FLAG,SHIJUAN_ID,XUANXIANG_ID) values (1,'师生关系',1,to_date('2018-03-13 15:51:02','YYYY-MM-DD HH24:MI:SS'),to_date('2018-03-13 15:51:02','YYYY-MM-DD HH24:MI:SS'),0,1,0);
Insert into HR.WH_TIMU (ID,NAME,XUHAO,CREATE_DATE,UPDATEA_DATE,DELETE_FLAG,SHIJUAN_ID,XUANXIANG_ID) values (2,'认证程度',2,to_date('2018-03-13 15:52:16','YYYY-MM-DD HH24:MI:SS'),to_date('2018-03-13 15:52:16','YYYY-MM-DD HH24:MI:SS'),0,1,0);
Insert into HR.WH_TIMU (ID,NAME,XUHAO,CREATE_DATE,UPDATEA_DATE,DELETE_FLAG,SHIJUAN_ID,XUANXIANG_ID) values (3,'题目1',1,to_date('2018-03-13 15:52:56','YYYY-MM-DD HH24:MI:SS'),to_date('2018-03-13 15:52:56','YYYY-MM-DD HH24:MI:SS'),0,2,0);
Insert into HR.WH_TIMU (ID,NAME,XUHAO,CREATE_DATE,UPDATEA_DATE,DELETE_FLAG,SHIJUAN_ID,XUANXIANG_ID) values (4,'题目3-1',1,to_date('2018-03-13 15:53:11','YYYY-MM-DD HH24:MI:SS'),to_date('2018-03-13 15:53:11','YYYY-MM-DD HH24:MI:SS'),0,3,0);
REM INSERTING into HR.WH_USER
SET DEFINE OFF;
Insert into HR.WH_USER (ID,NAME,PASS,CREATE_DATE,UPDATE_DATE,DELETE_FLAG) values (1,'wh','123',to_date('2018-03-13 15:42:21','YYYY-MM-DD HH24:MI:SS'),to_date('2018-03-13 15:42:21','YYYY-MM-DD HH24:MI:SS'),0);
REM INSERTING into HR.WH_XUANXIANG
SET DEFINE OFF;
Insert into HR.WH_XUANXIANG (ID,TIMU_ID,NAME,XUHAO,FENZHI,CREATE_DATE,UPDATE_DATE,DELETE_FLAG) values (1,1,'极好',1,50,to_date('2018-03-13 15:58:20','YYYY-MM-DD HH24:MI:SS'),to_date('2018-03-13 15:58:20','YYYY-MM-DD HH24:MI:SS'),0);
Insert into HR.WH_XUANXIANG (ID,TIMU_ID,NAME,XUHAO,FENZHI,CREATE_DATE,UPDATE_DATE,DELETE_FLAG) values (2,1,'好',2,20,to_date('2018-03-13 15:58:20','YYYY-MM-DD HH24:MI:SS'),to_date('2018-03-13 15:58:20','YYYY-MM-DD HH24:MI:SS'),0);
Insert into HR.WH_XUANXIANG (ID,TIMU_ID,NAME,XUHAO,FENZHI,CREATE_DATE,UPDATE_DATE,DELETE_FLAG) values (3,1,'不好',3,-50,to_date('2018-03-13 15:58:20','YYYY-MM-DD HH24:MI:SS'),to_date('2018-03-13 15:58:20','YYYY-MM-DD HH24:MI:SS'),0);
Insert into HR.WH_XUANXIANG (ID,TIMU_ID,NAME,XUHAO,FENZHI,CREATE_DATE,UPDATE_DATE,DELETE_FLAG) values (4,2,'很认真',1,50,to_date('2018-03-13 16:00:20','YYYY-MM-DD HH24:MI:SS'),to_date('2018-03-13 16:00:20','YYYY-MM-DD HH24:MI:SS'),0);
Insert into HR.WH_XUANXIANG (ID,TIMU_ID,NAME,XUHAO,FENZHI,CREATE_DATE,UPDATE_DATE,DELETE_FLAG) values (5,2,'一般',2,10,to_date('2018-03-13 16:00:20','YYYY-MM-DD HH24:MI:SS'),to_date('2018-03-13 16:00:20','YYYY-MM-DD HH24:MI:SS'),0);
Insert into HR.WH_XUANXIANG (ID,TIMU_ID,NAME,XUHAO,FENZHI,CREATE_DATE,UPDATE_DATE,DELETE_FLAG) values (6,2,'差',3,-100,to_date('2018-03-13 16:00:20','YYYY-MM-DD HH24:MI:SS'),to_date('2018-03-13 16:00:20','YYYY-MM-DD HH24:MI:SS'),0);
Insert into HR.WH_XUANXIANG (ID,TIMU_ID,NAME,XUHAO,FENZHI,CREATE_DATE,UPDATE_DATE,DELETE_FLAG) values (7,3,'选项1',1,5,to_date('2018-03-13 16:02:21','YYYY-MM-DD HH24:MI:SS'),to_date('2018-03-13 16:02:21','YYYY-MM-DD HH24:MI:SS'),0);
Insert into HR.WH_XUANXIANG (ID,TIMU_ID,NAME,XUHAO,FENZHI,CREATE_DATE,UPDATE_DATE,DELETE_FLAG) values (8,3,'选项2',2,1,to_date('2018-03-13 16:02:21','YYYY-MM-DD HH24:MI:SS'),to_date('2018-03-13 16:02:21','YYYY-MM-DD HH24:MI:SS'),0);
Insert into HR.WH_XUANXIANG (ID,TIMU_ID,NAME,XUHAO,FENZHI,CREATE_DATE,UPDATE_DATE,DELETE_FLAG) values (9,3,'选项3',3,10,to_date('2018-03-13 16:02:21','YYYY-MM-DD HH24:MI:SS'),to_date('2018-03-13 16:02:21','YYYY-MM-DD HH24:MI:SS'),0);
Insert into HR.WH_XUANXIANG (ID,TIMU_ID,NAME,XUHAO,FENZHI,CREATE_DATE,UPDATE_DATE,DELETE_FLAG) values (10,4,'选项1-1',1,3,to_date('2018-03-13 16:05:06','YYYY-MM-DD HH24:MI:SS'),to_date('2018-03-13 16:05:06','YYYY-MM-DD HH24:MI:SS'),0);
Insert into HR.WH_XUANXIANG (ID,TIMU_ID,NAME,XUHAO,FENZHI,CREATE_DATE,UPDATE_DATE,DELETE_FLAG) values (11,4,'选项2',2,2,to_date('2018-03-13 16:05:06','YYYY-MM-DD HH24:MI:SS'),to_date('2018-03-13 16:05:06','YYYY-MM-DD HH24:MI:SS'),0);
Insert into HR.WH_XUANXIANG (ID,TIMU_ID,NAME,XUHAO,FENZHI,CREATE_DATE,UPDATE_DATE,DELETE_FLAG) values (12,4,'选项3',3,-1,to_date('2018-03-13 16:05:06','YYYY-MM-DD HH24:MI:SS'),to_date('2018-03-13 16:05:06','YYYY-MM-DD HH24:MI:SS'),0);
--------------------------------------------------------
--  DDL for Index WH_SHIJUAN_PK
--------------------------------------------------------

  CREATE UNIQUE INDEX "HR"."WH_SHIJUAN_PK" ON "HR"."WH_SHIJUAN" ("ID") 
  PCTFREE 10 INITRANS 2 MAXTRANS 255 
  STORAGE(INITIAL 65536 NEXT 1048576 MINEXTENTS 1 MAXEXTENTS 2147483645
  PCTINCREASE 0 FREELISTS 1 FREELIST GROUPS 1 BUFFER_POOL DEFAULT)
  TABLESPACE "USERS" ;
--------------------------------------------------------
--  DDL for Index WH_SHIJUAN_UK1
--------------------------------------------------------

  CREATE UNIQUE INDEX "HR"."WH_SHIJUAN_UK1" ON "HR"."WH_SHIJUAN" ("NAME") 
  PCTFREE 10 INITRANS 2 MAXTRANS 255 
  STORAGE(INITIAL 65536 NEXT 1048576 MINEXTENTS 1 MAXEXTENTS 2147483645
  PCTINCREASE 0 FREELISTS 1 FREELIST GROUPS 1 BUFFER_POOL DEFAULT)
  TABLESPACE "USERS" ;
--------------------------------------------------------
--  DDL for Index WH_TIMU_PK
--------------------------------------------------------

  CREATE UNIQUE INDEX "HR"."WH_TIMU_PK" ON "HR"."WH_TIMU" ("ID") 
  PCTFREE 10 INITRANS 2 MAXTRANS 255 
  STORAGE(INITIAL 65536 NEXT 1048576 MINEXTENTS 1 MAXEXTENTS 2147483645
  PCTINCREASE 0 FREELISTS 1 FREELIST GROUPS 1 BUFFER_POOL DEFAULT)
  TABLESPACE "USERS" ;
--------------------------------------------------------
--  DDL for Index WH_USER_PK
--------------------------------------------------------

  CREATE UNIQUE INDEX "HR"."WH_USER_PK" ON "HR"."WH_USER" ("ID") 
  PCTFREE 10 INITRANS 2 MAXTRANS 255 
  STORAGE(INITIAL 65536 NEXT 1048576 MINEXTENTS 1 MAXEXTENTS 2147483645
  PCTINCREASE 0 FREELISTS 1 FREELIST GROUPS 1 BUFFER_POOL DEFAULT)
  TABLESPACE "USERS" ;
--------------------------------------------------------
--  DDL for Index WH_XUANXIANG_PK
--------------------------------------------------------

  CREATE UNIQUE INDEX "HR"."WH_XUANXIANG_PK" ON "HR"."WH_XUANXIANG" ("ID") 
  PCTFREE 10 INITRANS 2 MAXTRANS 255 
  STORAGE(INITIAL 65536 NEXT 1048576 MINEXTENTS 1 MAXEXTENTS 2147483645
  PCTINCREASE 0 FREELISTS 1 FREELIST GROUPS 1 BUFFER_POOL DEFAULT)
  TABLESPACE "USERS" ;
--------------------------------------------------------
--  Constraints for Table WH_SHIJUAN
--------------------------------------------------------

  ALTER TABLE "HR"."WH_SHIJUAN" ADD CONSTRAINT "SHIJUAN_PK" PRIMARY KEY ("ID")
  USING INDEX PCTFREE 10 INITRANS 2 MAXTRANS 255 
  STORAGE(INITIAL 65536 NEXT 1048576 MINEXTENTS 1 MAXEXTENTS 2147483645
  PCTINCREASE 0 FREELISTS 1 FREELIST GROUPS 1 BUFFER_POOL DEFAULT)
  TABLESPACE "USERS"  ENABLE;
 
  ALTER TABLE "HR"."WH_SHIJUAN" MODIFY ("ID" NOT NULL ENABLE);
 
  ALTER TABLE "HR"."WH_SHIJUAN" MODIFY ("NAME" NOT NULL ENABLE);
 
  ALTER TABLE "HR"."WH_SHIJUAN" MODIFY ("UPDATE_DATE" NOT NULL ENABLE);
 
  ALTER TABLE "HR"."WH_SHIJUAN" MODIFY ("CREATE_DATE" NOT NULL ENABLE);
 
  ALTER TABLE "HR"."WH_SHIJUAN" MODIFY ("DELETE_FLAG" NOT NULL ENABLE);
 
  ALTER TABLE "HR"."WH_SHIJUAN" ADD CONSTRAINT "WH_SHIJUAN_UK1" UNIQUE ("NAME")
  USING INDEX PCTFREE 10 INITRANS 2 MAXTRANS 255 
  STORAGE(INITIAL 65536 NEXT 1048576 MINEXTENTS 1 MAXEXTENTS 2147483645
  PCTINCREASE 0 FREELISTS 1 FREELIST GROUPS 1 BUFFER_POOL DEFAULT)
  TABLESPACE "USERS"  ENABLE;
--------------------------------------------------------
--  Constraints for Table WH_TIMU
--------------------------------------------------------

  ALTER TABLE "HR"."WH_TIMU" MODIFY ("ID" NOT NULL ENABLE);
 
  ALTER TABLE "HR"."WH_TIMU" MODIFY ("NAME" NOT NULL ENABLE);
 
  ALTER TABLE "HR"."WH_TIMU" MODIFY ("XUHAO" NOT NULL ENABLE);
 
  ALTER TABLE "HR"."WH_TIMU" MODIFY ("CREATE_DATE" NOT NULL ENABLE);
 
  ALTER TABLE "HR"."WH_TIMU" MODIFY ("UPDATEA_DATE" NOT NULL ENABLE);
 
  ALTER TABLE "HR"."WH_TIMU" MODIFY ("DELETE_FLAG" NOT NULL ENABLE);
 
  ALTER TABLE "HR"."WH_TIMU" MODIFY ("SHIJUAN_ID" NOT NULL ENABLE);
 
  ALTER TABLE "HR"."WH_TIMU" MODIFY ("XUANXIANG_ID" NOT NULL ENABLE);
 
  ALTER TABLE "HR"."WH_TIMU" ADD CONSTRAINT "WH_TIMU_PK" PRIMARY KEY ("ID")
  USING INDEX PCTFREE 10 INITRANS 2 MAXTRANS 255 
  STORAGE(INITIAL 65536 NEXT 1048576 MINEXTENTS 1 MAXEXTENTS 2147483645
  PCTINCREASE 0 FREELISTS 1 FREELIST GROUPS 1 BUFFER_POOL DEFAULT)
  TABLESPACE "USERS"  ENABLE;
--------------------------------------------------------
--  Constraints for Table WH_USER
--------------------------------------------------------

  ALTER TABLE "HR"."WH_USER" MODIFY ("ID" NOT NULL ENABLE);
 
  ALTER TABLE "HR"."WH_USER" MODIFY ("NAME" NOT NULL ENABLE);
 
  ALTER TABLE "HR"."WH_USER" MODIFY ("PASS" NOT NULL ENABLE);
 
  ALTER TABLE "HR"."WH_USER" MODIFY ("DELETE_FLAG" NOT NULL ENABLE);
 
  ALTER TABLE "HR"."WH_USER" MODIFY ("CREATE_DATE" NOT NULL ENABLE);
 
  ALTER TABLE "HR"."WH_USER" MODIFY ("UPDATE_DATE" NOT NULL ENABLE);
 
  ALTER TABLE "HR"."WH_USER" ADD CONSTRAINT "WH_USER_PK" PRIMARY KEY ("ID")
  USING INDEX PCTFREE 10 INITRANS 2 MAXTRANS 255 
  STORAGE(INITIAL 65536 NEXT 1048576 MINEXTENTS 1 MAXEXTENTS 2147483645
  PCTINCREASE 0 FREELISTS 1 FREELIST GROUPS 1 BUFFER_POOL DEFAULT)
  TABLESPACE "USERS"  ENABLE;
--------------------------------------------------------
--  Constraints for Table WH_XUANXIANG
--------------------------------------------------------

  ALTER TABLE "HR"."WH_XUANXIANG" MODIFY ("ID" NOT NULL ENABLE);
 
  ALTER TABLE "HR"."WH_XUANXIANG" MODIFY ("TIMU_ID" NOT NULL ENABLE);
 
  ALTER TABLE "HR"."WH_XUANXIANG" MODIFY ("NAME" NOT NULL ENABLE);
 
  ALTER TABLE "HR"."WH_XUANXIANG" MODIFY ("XUHAO" NOT NULL ENABLE);
 
  ALTER TABLE "HR"."WH_XUANXIANG" MODIFY ("FENZHI" NOT NULL ENABLE);
 
  ALTER TABLE "HR"."WH_XUANXIANG" MODIFY ("CREATE_DATE" NOT NULL ENABLE);
 
  ALTER TABLE "HR"."WH_XUANXIANG" MODIFY ("UPDATE_DATE" NOT NULL ENABLE);
 
  ALTER TABLE "HR"."WH_XUANXIANG" MODIFY ("DELETE_FLAG" NOT NULL ENABLE);
 
  ALTER TABLE "HR"."WH_XUANXIANG" ADD CONSTRAINT "WH_XUANXIANG_PK" PRIMARY KEY ("ID")
  USING INDEX PCTFREE 10 INITRANS 2 MAXTRANS 255 
  STORAGE(INITIAL 65536 NEXT 1048576 MINEXTENTS 1 MAXEXTENTS 2147483645
  PCTINCREASE 0 FREELISTS 1 FREELIST GROUPS 1 BUFFER_POOL DEFAULT)
  TABLESPACE "USERS"  ENABLE;
